campaign_id,variant,family,qubits,depth,rows,success_rows,success_rate_pct,median_tvd,median_jsd,median_wall_s,median_simulate_s
speed-sweep,cpu_statevector,ansatz,20,6,10,10,100.0,,,0.5108,0.3406
speed-sweep,cpu_statevector,ansatz,22,6,10,10,100.0,,,0.891,0.4398
speed-sweep,cpu_statevector,ansatz,24,6,10,10,100.0,,,2.6854,1.093
speed-sweep,cpu_statevector,ansatz,26,6,10,10,100.0,,,10.7774,4.4762
speed-sweep,cpu_statevector,ansatz,28,6,10,10,100.0,,,43.9096,17.1625
speed-sweep,cpu_statevector,ghz,20,1,5,5,100.0,,,0.2086,0.0424
speed-sweep,cpu_statevector,ghz,22,1,5,5,100.0,,,0.496,0.078
speed-sweep,cpu_statevector,ghz,24,1,5,5,100.0,,,1.7509,0.1905
speed-sweep,cpu_statevector,ghz,26,1,5,5,100.0,,,6.8728,0.7287
speed-sweep,cpu_statevector,ghz,28,1,5,5,100.0,,,29.3113,3.0631
speed-sweep,cpu_statevector,random,20,8,10,10,100.0,,,0.4481,0.2741
speed-sweep,cpu_statevector,random,22,8,10,10,100.0,,,0.7273,0.2963
speed-sweep,cpu_statevector,random,24,8,10,10,100.0,,,2.4884,0.8598
speed-sweep,cpu_statevector,random,26,8,10,10,100.0,,,9.6252,3.2405
speed-sweep,cpu_statevector,random,28,8,10,10,100.0,,,39.0291,12.7828
speed-sweep,cpu_statevector,trotter,20,12,10,10,100.0,,,0.787,0.6143
speed-sweep,cpu_statevector,trotter,22,12,10,10,100.0,,,1.1798,0.7423
speed-sweep,cpu_statevector,trotter,24,12,10,10,100.0,,,3.6792,2.0912
speed-sweep,cpu_statevector,trotter,26,12,10,10,100.0,,,14.6529,8.4685
speed-sweep,cpu_statevector,trotter,28,12,10,10,100.0,,,58.4248,33.3945
speed-sweep,gpu_custatevec,ansatz,20,6,10,10,100.0,,,0.2334,0.0568
speed-sweep,gpu_custatevec,ansatz,22,6,10,10,100.0,,,0.6498,0.2125
speed-sweep,gpu_custatevec,ansatz,24,6,10,10,100.0,,,2.741,1.1929
speed-sweep,gpu_custatevec,ansatz,26,6,10,10,100.0,,,10.3416,4.256
speed-sweep,gpu_custatevec,ansatz,28,6,10,10,100.0,,,39.3685,12.5383
speed-sweep,gpu_custatevec,ghz,20,1,5,5,100.0,,,0.1478,0.0187
speed-sweep,gpu_custatevec,ghz,22,1,5,5,100.0,,,0.496,0.0619
speed-sweep,gpu_custatevec,ghz,24,1,5,5,100.0,,,1.81,0.3114
speed-sweep,gpu_custatevec,ghz,26,1,5,5,100.0,,,7.6847,1.5453
speed-sweep,gpu_custatevec,ghz,28,1,5,5,100.0,,,29.1516,4.7712
speed-sweep,gpu_custatevec,random,20,8,10,10,100.0,,,0.2146,0.0404
speed-sweep,gpu_custatevec,random,22,8,10,10,100.0,,,0.5792,0.149
speed-sweep,gpu_custatevec,random,24,8,10,10,100.0,,,2.4107,0.8968
speed-sweep,gpu_custatevec,random,26,8,10,10,100.0,,,9.4534,3.3188
speed-sweep,gpu_custatevec,random,28,8,10,10,100.0,,,35.0866,9.4001
speed-sweep,gpu_custatevec,trotter,20,12,10,10,100.0,,,0.288,0.1021
speed-sweep,gpu_custatevec,trotter,22,12,10,10,100.0,,,0.8124,0.3748
speed-sweep,gpu_custatevec,trotter,24,12,10,10,100.0,,,3.5054,1.9438
speed-sweep,gpu_custatevec,trotter,26,12,10,10,100.0,,,12.0852,6.0122
speed-sweep,gpu_custatevec,trotter,28,12,10,10,100.0,,,49.3896,21.6806
speed-sweep,gpu_thrust,ansatz,20,6,10,10,100.0,,,0.2538,0.0762
speed-sweep,gpu_thrust,ansatz,22,6,10,10,100.0,,,0.7489,0.3163
speed-sweep,gpu_thrust,ansatz,24,6,10,10,100.0,,,3.2175,1.7048
speed-sweep,gpu_thrust,ansatz,26,6,10,10,100.0,,,11.4651,5.4145
speed-sweep,gpu_thrust,ansatz,28,6,10,10,100.0,,,47.351,19.442
speed-sweep,gpu_thrust,ghz,20,1,5,5,100.0,,,0.1489,0.0171
speed-sweep,gpu_thrust,ghz,22,1,5,5,100.0,,,0.5064,0.0779
speed-sweep,gpu_thrust,ghz,24,1,5,5,100.0,,,1.8496,0.4136
speed-sweep,gpu_thrust,ghz,26,1,5,5,100.0,,,7.9072,1.9195
speed-sweep,gpu_thrust,ghz,28,1,5,5,100.0,,,30.0837,5.6661
speed-sweep,gpu_thrust,random,20,8,10,10,100.0,,,0.2194,0.0485
speed-sweep,gpu_thrust,random,22,8,10,10,100.0,,,0.63,0.2004
speed-sweep,gpu_thrust,random,24,8,10,10,100.0,,,2.6142,1.1388
speed-sweep,gpu_thrust,random,26,8,10,10,100.0,,,10.0827,4.0109
speed-sweep,gpu_thrust,random,28,8,10,10,100.0,,,38.7197,12.4297
speed-sweep,gpu_thrust,trotter,20,12,10,10,100.0,,,0.3216,0.1428
speed-sweep,gpu_thrust,trotter,22,12,10,10,100.0,,,0.9895,0.5575
speed-sweep,gpu_thrust,trotter,24,12,10,10,100.0,,,4.3179,2.7831
speed-sweep,gpu_thrust,trotter,26,12,10,10,100.0,,,14.5134,8.3746
speed-sweep,gpu_thrust,trotter,28,12,10,10,100.0,,,56.6388,31.502
exact-frontier,cpu_statevector,ansatz,20,6,20,0,0.0,,,,
exact-frontier,cpu_statevector,ansatz,22,6,20,0,0.0,,,,
exact-frontier,cpu_statevector,ansatz,24,6,20,0,0.0,,,,
exact-frontier,cpu_statevector,ansatz,26,6,20,0,0.0,,,,
exact-frontier,cpu_statevector,ansatz,27,6,20,0,0.0,,,,
exact-frontier,cpu_statevector,ansatz,28,6,20,0,0.0,,,,
exact-frontier,cpu_statevector,ansatz,29,6,20,0,0.0,,,,
exact-frontier,cpu_statevector,ansatz,30,6,20,0,0.0,,,,
exact-frontier,cpu_statevector,ghz,20,1,10,10,100.0,,,5.6908,0.0607
exact-frontier,cpu_statevector,ghz,22,1,10,10,100.0,,,6.0909,0.0989
exact-frontier,cpu_statevector,ghz,24,1,10,10,100.0,,,7.091,0.2366
exact-frontier,cpu_statevector,ghz,26,1,10,10,100.0,,,12.3931,0.7808
exact-frontier,cpu_statevector,ghz,27,1,10,10,100.0,,,19.4539,1.4215
exact-frontier,cpu_statevector,ghz,28,1,10,10,100.0,,,34.5951,2.9399
exact-frontier,cpu_statevector,ghz,29,1,10,0,0.0,,,,
exact-frontier,cpu_statevector,ghz,30,1,10,0,0.0,,,,
exact-frontier,cpu_statevector,random,20,8,20,8,40.0,,,5.5541,0.0821
exact-frontier,cpu_statevector,random,22,8,20,0,0.0,,,,
exact-frontier,cpu_statevector,random,24,8,20,0,0.0,,,,
exact-frontier,cpu_statevector,random,26,8,20,0,0.0,,,,
exact-frontier,cpu_statevector,random,27,8,20,0,0.0,,,,
exact-frontier,cpu_statevector,random,28,8,20,0,0.0,,,,
exact-frontier,cpu_statevector,random,29,8,20,0,0.0,,,,
exact-frontier,cpu_statevector,random,30,8,20,0,0.0,,,,
exact-frontier,cpu_statevector,trotter,20,12,20,0,0.0,,,,
exact-frontier,cpu_statevector,trotter,22,12,20,0,0.0,,,,
exact-frontier,cpu_statevector,trotter,24,12,20,0,0.0,,,,
exact-frontier,cpu_statevector,trotter,26,12,20,0,0.0,,,,
exact-frontier,cpu_statevector,trotter,27,12,20,0,0.0,,,,
exact-frontier,cpu_statevector,trotter,28,12,20,0,0.0,,,,
exact-frontier,cpu_statevector,trotter,29,12,20,0,0.0,,,,
exact-frontier,cpu_statevector,trotter,30,12,20,0,0.0,,,,
exact-frontier,gpu_custatevec,ansatz,20,6,20,0,0.0,,,,
exact-frontier,gpu_custatevec,ansatz,22,6,20,0,0.0,,,,
exact-frontier,gpu_custatevec,ansatz,24,6,20,0,0.0,,,,
exact-frontier,gpu_custatevec,ansatz,26,6,20,0,0.0,,,,
exact-frontier,gpu_custatevec,ansatz,27,6,20,0,0.0,,,,
exact-frontier,gpu_custatevec,ansatz,28,6,20,0,0.0,,,,
exact-frontier,gpu_custatevec,ansatz,29,6,20,0,0.0,,,,
exact-frontier,gpu_custatevec,ansatz,30,6,20,0,0.0,,,,
exact-frontier,gpu_custatevec,ansatz,31,6,10,0,0.0,,,,
exact-frontier,gpu_custatevec,ghz,20,1,10,0,0.0,,,,
exact-frontier,gpu_custatevec,ghz,22,1,10,0,0.0,,,,
exact-frontier,gpu_custatevec,ghz,24,1,10,0,0.0,,,,
exact-frontier,gpu_custatevec,ghz,26,1,10,0,0.0,,,,
exact-frontier,gpu_custatevec,ghz,27,1,10,0,0.0,,,,
exact-frontier,gpu_custatevec,ghz,28,1,10,0,0.0,,,,
exact-frontier,gpu_custatevec,ghz,29,1,10,0,0.0,,,,
exact-frontier,gpu_custatevec,ghz,30,1,10,0,0.0,,,,
exact-frontier,gpu_custatevec,ghz,31,1,5,0,0.0,,,,
exact-frontier,gpu_custatevec,random,20,8,20,0,0.0,,,,
exact-frontier,gpu_custatevec,random,22,8,20,0,0.0,,,,
exact-frontier,gpu_custatevec,random,24,8,20,0,0.0,,,,
exact-frontier,gpu_custatevec,random,26,8,20,0,0.0,,,,
exact-frontier,gpu_custatevec,random,27,8,20,0,0.0,,,,
exact-frontier,gpu_custatevec,random,28,8,20,0,0.0,,,,
exact-frontier,gpu_custatevec,random,29,8,20,0,0.0,,,,
exact-frontier,gpu_custatevec,random,30,8,20,0,0.0,,,,
exact-frontier,gpu_custatevec,random,31,8,10,0,0.0,,,,
exact-frontier,gpu_custatevec,trotter,20,12,20,0,0.0,,,,
exact-frontier,gpu_custatevec,trotter,22,12,20,0,0.0,,,,
exact-frontier,gpu_custatevec,trotter,24,12,20,0,0.0,,,,
exact-frontier,gpu_custatevec,trotter,26,12,20,0,0.0,,,,
exact-frontier,gpu_custatevec,trotter,27,12,20,0,0.0,,,,
exact-frontier,gpu_custatevec,trotter,28,12,20,0,0.0,,,,
exact-frontier,gpu_custatevec,trotter,29,12,20,0,0.0,,,,
exact-frontier,gpu_custatevec,trotter,30,12,20,0,0.0,,,,
exact-frontier,gpu_custatevec,trotter,31,12,10,0,0.0,,,,
exact-frontier,gpu_thrust,ansatz,20,6,20,0,0.0,,,,
exact-frontier,gpu_thrust,ansatz,22,6,20,0,0.0,,,,
exact-frontier,gpu_thrust,ansatz,24,6,20,0,0.0,,,,
exact-frontier,gpu_thrust,ansatz,26,6,20,0,0.0,,,,
exact-frontier,gpu_thrust,ansatz,27,6,20,0,0.0,,,,
exact-frontier,gpu_thrust,ansatz,28,6,20,0,0.0,,,,
exact-frontier,gpu_thrust,ansatz,29,6,20,0,0.0,,,,
exact-frontier,gpu_thrust,ansatz,30,6,20,0,0.0,,,,
exact-frontier,gpu_thrust,ansatz,31,6,10,0,0.0,,,,
exact-frontier,gpu_thrust,ghz,20,1,10,0,0.0,,,,
exact-frontier,gpu_thrust,ghz,22,1,10,0,0.0,,,,
exact-frontier,gpu_thrust,ghz,24,1,10,0,0.0,,,,
exact-frontier,gpu_thrust,ghz,26,1,10,0,0.0,,,,
exact-frontier,gpu_thrust,ghz,27,1,10,0,0.0,,,,
exact-frontier,gpu_thrust,ghz,28,1,10,0,0.0,,,,
exact-frontier,gpu_thrust,ghz,29,1,10,0,0.0,,,,
exact-frontier,gpu_thrust,ghz,30,1,10,0,0.0,,,,
exact-frontier,gpu_thrust,ghz,31,1,5,0,0.0,,,,
exact-frontier,gpu_thrust,random,20,8,20,0,0.0,,,,
exact-frontier,gpu_thrust,random,22,8,20,0,0.0,,,,
exact-frontier,gpu_thrust,random,24,8,20,0,0.0,,,,
exact-frontier,gpu_thrust,random,26,8,20,0,0.0,,,,
exact-frontier,gpu_thrust,random,27,8,20,0,0.0,,,,
exact-frontier,gpu_thrust,random,28,8,20,0,0.0,,,,
exact-frontier,gpu_thrust,random,29,8,20,0,0.0,,,,
exact-frontier,gpu_thrust,random,30,8,20,0,0.0,,,,
exact-frontier,gpu_thrust,random,31,8,10,0,0.0,,,,
exact-frontier,gpu_thrust,trotter,20,12,20,0,0.0,,,,
exact-frontier,gpu_thrust,trotter,22,12,20,0,0.0,,,,
exact-frontier,gpu_thrust,trotter,24,12,20,0,0.0,,,,
exact-frontier,gpu_thrust,trotter,26,12,20,0,0.0,,,,
exact-frontier,gpu_thrust,trotter,27,12,20,0,0.0,,,,
exact-frontier,gpu_thrust,trotter,28,12,20,0,0.0,,,,
exact-frontier,gpu_thrust,trotter,29,12,20,0,0.0,,,,
exact-frontier,gpu_thrust,trotter,30,12,20,0,0.0,,,,
exact-frontier,gpu_thrust,trotter,31,12,10,0,0.0,,,,
observable-frontier,cpu_statevector,ansatz,24,6,10,0,0.0,,,,
observable-frontier,cpu_statevector,ansatz,28,6,10,0,0.0,,,,
observable-frontier,cpu_statevector,ansatz,32,6,10,0,0.0,,,,
observable-frontier,cpu_statevector,ansatz,36,6,10,0,0.0,,,,
observable-frontier,cpu_statevector,ansatz,40,6,10,0,0.0,,,,
observable-frontier,cpu_statevector,ansatz,44,6,10,0,0.0,,,,
observable-frontier,cpu_statevector,ghz,24,1,5,0,0.0,,,,
observable-frontier,cpu_statevector,ghz,28,1,5,0,0.0,,,,
observable-frontier,cpu_statevector,ghz,32,1,5,0,0.0,,,,
observable-frontier,cpu_statevector,ghz,36,1,5,0,0.0,,,,
observable-frontier,cpu_statevector,ghz,40,1,5,0,0.0,,,,
observable-frontier,cpu_statevector,ghz,44,1,5,0,0.0,,,,
observable-frontier,cpu_statevector,random,24,8,10,0,0.0,,,,
observable-frontier,cpu_statevector,random,28,8,10,0,0.0,,,,
observable-frontier,cpu_statevector,random,32,8,10,0,0.0,,,,
observable-frontier,cpu_statevector,random,34,8,10,0,0.0,,,,
observable-frontier,cpu_statevector,random,36,8,10,0,0.0,,,,
observable-frontier,cpu_statevector,trotter,24,12,10,0,0.0,,,,
observable-frontier,cpu_statevector,trotter,28,12,10,0,0.0,,,,
observable-frontier,cpu_statevector,trotter,32,12,10,0,0.0,,,,
observable-frontier,cpu_statevector,trotter,36,12,10,0,0.0,,,,
observable-frontier,cpu_statevector,trotter,40,12,10,0,0.0,,,,
observable-frontier,cpu_statevector,trotter,44,12,10,0,0.0,,,,
observable-frontier,gpu_custatevec,ansatz,24,6,10,0,0.0,,,,
observable-frontier,gpu_custatevec,ansatz,28,6,10,0,0.0,,,,
observable-frontier,gpu_custatevec,ansatz,32,6,10,0,0.0,,,,
observable-frontier,gpu_custatevec,ansatz,36,6,10,0,0.0,,,,
observable-frontier,gpu_custatevec,ansatz,40,6,10,0,0.0,,,,
observable-frontier,gpu_custatevec,ansatz,44,6,10,0,0.0,,,,
observable-frontier,gpu_custatevec,ghz,24,1,5,0,0.0,,,,
observable-frontier,gpu_custatevec,ghz,28,1,5,0,0.0,,,,
observable-frontier,gpu_custatevec,ghz,32,1,5,0,0.0,,,,
observable-frontier,gpu_custatevec,ghz,36,1,5,0,0.0,,,,
observable-frontier,gpu_custatevec,ghz,40,1,5,0,0.0,,,,
observable-frontier,gpu_custatevec,ghz,44,1,5,0,0.0,,,,
observable-frontier,gpu_custatevec,random,24,8,10,0,0.0,,,,
observable-frontier,gpu_custatevec,random,28,8,10,0,0.0,,,,
observable-frontier,gpu_custatevec,random,32,8,10,0,0.0,,,,
observable-frontier,gpu_custatevec,random,34,8,10,0,0.0,,,,
observable-frontier,gpu_custatevec,random,36,8,10,0,0.0,,,,
observable-frontier,gpu_custatevec,trotter,24,12,10,0,0.0,,,,
observable-frontier,gpu_custatevec,trotter,28,12,10,0,0.0,,,,
observable-frontier,gpu_custatevec,trotter,32,12,10,0,0.0,,,,
observable-frontier,gpu_custatevec,trotter,36,12,10,0,0.0,,,,
observable-frontier,gpu_custatevec,trotter,40,12,10,0,0.0,,,,
observable-frontier,gpu_custatevec,trotter,44,12,10,0,0.0,,,,
observable-frontier,gpu_tensornetwork,ansatz,24,6,10,0,0.0,,,,
observable-frontier,gpu_tensornetwork,ansatz,28,6,10,0,0.0,,,,
observable-frontier,gpu_tensornetwork,ansatz,32,6,10,0,0.0,,,,
observable-frontier,gpu_tensornetwork,ansatz,36,6,10,0,0.0,,,,
observable-frontier,gpu_tensornetwork,ansatz,40,6,10,0,0.0,,,,
observable-frontier,gpu_tensornetwork,ansatz,44,6,10,0,0.0,,,,
observable-frontier,gpu_tensornetwork,ghz,24,1,5,0,0.0,,,,
observable-frontier,gpu_tensornetwork,ghz,28,1,5,0,0.0,,,,
observable-frontier,gpu_tensornetwork,ghz,32,1,5,0,0.0,,,,
observable-frontier,gpu_tensornetwork,ghz,36,1,5,0,0.0,,,,
observable-frontier,gpu_tensornetwork,ghz,40,1,5,0,0.0,,,,
observable-frontier,gpu_tensornetwork,ghz,44,1,5,0,0.0,,,,
observable-frontier,gpu_tensornetwork,random,24,8,10,0,0.0,,,,
observable-frontier,gpu_tensornetwork,random,28,8,10,0,0.0,,,,
observable-frontier,gpu_tensornetwork,random,32,8,10,0,0.0,,,,
observable-frontier,gpu_tensornetwork,random,34,8,10,0,0.0,,,,
observable-frontier,gpu_tensornetwork,random,36,8,10,0,0.0,,,,
observable-frontier,gpu_tensornetwork,trotter,24,12,10,0,0.0,,,,
observable-frontier,gpu_tensornetwork,trotter,28,12,10,0,0.0,,,,
observable-frontier,gpu_tensornetwork,trotter,32,12,10,0,0.0,,,,
observable-frontier,gpu_tensornetwork,trotter,36,12,10,0,0.0,,,,
observable-frontier,gpu_tensornetwork,trotter,40,12,10,0,0.0,,,,
observable-frontier,gpu_tensornetwork,trotter,44,12,10,0,0.0,,,,
observable-frontier,gpu_thrust,ansatz,24,6,10,0,0.0,,,,
observable-frontier,gpu_thrust,ansatz,28,6,10,0,0.0,,,,
observable-frontier,gpu_thrust,ansatz,32,6,10,0,0.0,,,,
observable-frontier,gpu_thrust,ansatz,36,6,10,0,0.0,,,,
observable-frontier,gpu_thrust,ansatz,40,6,10,0,0.0,,,,
observable-frontier,gpu_thrust,ansatz,44,6,10,0,0.0,,,,
observable-frontier,gpu_thrust,ghz,24,1,5,0,0.0,,,,
observable-frontier,gpu_thrust,ghz,28,1,5,0,0.0,,,,
observable-frontier,gpu_thrust,ghz,32,1,5,0,0.0,,,,
observable-frontier,gpu_thrust,ghz,36,1,5,0,0.0,,,,
observable-frontier,gpu_thrust,ghz,40,1,5,0,0.0,,,,
observable-frontier,gpu_thrust,ghz,44,1,5,0,0.0,,,,
observable-frontier,gpu_thrust,random,24,8,10,0,0.0,,,,
observable-frontier,gpu_thrust,random,28,8,10,0,0.0,,,,
observable-frontier,gpu_thrust,random,32,8,10,0,0.0,,,,
observable-frontier,gpu_thrust,random,34,8,10,0,0.0,,,,
observable-frontier,gpu_thrust,random,36,8,10,0,0.0,,,,
observable-frontier,gpu_thrust,trotter,24,12,10,0,0.0,,,,
observable-frontier,gpu_thrust,trotter,28,12,10,0,0.0,,,,
observable-frontier,gpu_thrust,trotter,32,12,10,0,0.0,,,,
observable-frontier,gpu_thrust,trotter,36,12,10,0,0.0,,,,
observable-frontier,gpu_thrust,trotter,40,12,10,0,0.0,,,,
observable-frontier,gpu_thrust,trotter,44,12,10,0,0.0,,,,
ideal-depth,cpu_statevector,ansatz,8,2,10,0,0.0,,,,
ideal-depth,cpu_statevector,ansatz,8,4,10,0,0.0,,,,
ideal-depth,cpu_statevector,ansatz,8,8,10,0,0.0,,,,
ideal-depth,cpu_statevector,ansatz,8,12,10,0,0.0,,,,
ideal-depth,cpu_statevector,ansatz,8,16,10,0,0.0,,,,
ideal-depth,cpu_statevector,ansatz,8,24,10,0,0.0,,,,
ideal-depth,cpu_statevector,ansatz,8,32,10,0,0.0,,,,
ideal-depth,cpu_statevector,ansatz,10,2,10,0,0.0,,,,
ideal-depth,cpu_statevector,ansatz,10,4,10,0,0.0,,,,
ideal-depth,cpu_statevector,ansatz,10,8,10,0,0.0,,,,
ideal-depth,cpu_statevector,ansatz,10,12,10,0,0.0,,,,
ideal-depth,cpu_statevector,ansatz,10,16,10,0,0.0,,,,
ideal-depth,cpu_statevector,ansatz,10,24,10,0,0.0,,,,
ideal-depth,cpu_statevector,ansatz,10,32,10,0,0.0,,,,
ideal-depth,cpu_statevector,ansatz,12,2,10,0,0.0,,,,
ideal-depth,cpu_statevector,ansatz,12,4,10,0,0.0,,,,
ideal-depth,cpu_statevector,ansatz,12,8,10,0,0.0,,,,
ideal-depth,cpu_statevector,ansatz,12,12,10,0,0.0,,,,
ideal-depth,cpu_statevector,ansatz,12,16,10,0,0.0,,,,
ideal-depth,cpu_statevector,ansatz,12,24,10,0,0.0,,,,
ideal-depth,cpu_statevector,ansatz,12,32,10,0,0.0,,,,
ideal-depth,cpu_statevector,random,8,2,10,0,0.0,,,,
ideal-depth,cpu_statevector,random,8,4,10,0,0.0,,,,
ideal-depth,cpu_statevector,random,8,8,10,0,0.0,,,,
ideal-depth,cpu_statevector,random,8,12,10,0,0.0,,,,
ideal-depth,cpu_statevector,random,8,16,10,0,0.0,,,,
ideal-depth,cpu_statevector,random,8,24,10,0,0.0,,,,
ideal-depth,cpu_statevector,random,8,32,10,0,0.0,,,,
ideal-depth,cpu_statevector,random,10,2,10,0,0.0,,,,
ideal-depth,cpu_statevector,random,10,4,10,0,0.0,,,,
ideal-depth,cpu_statevector,random,10,8,10,0,0.0,,,,
ideal-depth,cpu_statevector,random,10,12,10,0,0.0,,,,
ideal-depth,cpu_statevector,random,10,16,10,0,0.0,,,,
ideal-depth,cpu_statevector,random,10,24,10,0,0.0,,,,
ideal-depth,cpu_statevector,random,10,32,10,0,0.0,,,,
ideal-depth,cpu_statevector,random,12,2,10,0,0.0,,,,
ideal-depth,cpu_statevector,random,12,4,10,0,0.0,,,,
ideal-depth,cpu_statevector,random,12,8,10,0,0.0,,,,
ideal-depth,cpu_statevector,random,12,12,10,0,0.0,,,,
ideal-depth,cpu_statevector,random,12,16,10,0,0.0,,,,
ideal-depth,cpu_statevector,random,12,24,10,0,0.0,,,,
ideal-depth,cpu_statevector,random,12,32,10,0,0.0,,,,
ideal-depth,cpu_statevector,trotter,8,2,10,0,0.0,,,,
ideal-depth,cpu_statevector,trotter,8,4,10,0,0.0,,,,
ideal-depth,cpu_statevector,trotter,8,8,10,0,0.0,,,,
ideal-depth,cpu_statevector,trotter,8,12,10,0,0.0,,,,
ideal-depth,cpu_statevector,trotter,8,16,10,0,0.0,,,,
ideal-depth,cpu_statevector,trotter,8,24,10,0,0.0,,,,
ideal-depth,cpu_statevector,trotter,8,32,10,0,0.0,,,,
ideal-depth,cpu_statevector,trotter,10,2,10,0,0.0,,,,
ideal-depth,cpu_statevector,trotter,10,4,10,0,0.0,,,,
ideal-depth,cpu_statevector,trotter,10,8,10,0,0.0,,,,
ideal-depth,cpu_statevector,trotter,10,12,10,0,0.0,,,,
ideal-depth,cpu_statevector,trotter,10,16,10,0,0.0,,,,
ideal-depth,cpu_statevector,trotter,10,24,10,0,0.0,,,,
ideal-depth,cpu_statevector,trotter,10,32,10,0,0.0,,,,
ideal-depth,cpu_statevector,trotter,12,2,10,0,0.0,,,,
ideal-depth,cpu_statevector,trotter,12,4,10,0,0.0,,,,
ideal-depth,cpu_statevector,trotter,12,8,10,0,0.0,,,,
ideal-depth,cpu_statevector,trotter,12,12,10,0,0.0,,,,
ideal-depth,cpu_statevector,trotter,12,16,10,0,0.0,,,,
ideal-depth,cpu_statevector,trotter,12,24,10,0,0.0,,,,
ideal-depth,cpu_statevector,trotter,12,32,10,0,0.0,,,,
ideal-depth,gpu_tensornetwork,ansatz,16,2,10,0,0.0,,,,
ideal-depth,gpu_tensornetwork,ansatz,16,4,10,0,0.0,,,,
ideal-depth,gpu_tensornetwork,ansatz,16,8,10,0,0.0,,,,
ideal-depth,gpu_tensornetwork,ansatz,16,12,10,0,0.0,,,,
ideal-depth,gpu_tensornetwork,ansatz,16,16,10,0,0.0,,,,
ideal-depth,gpu_tensornetwork,ansatz,16,24,10,0,0.0,,,,
ideal-depth,gpu_tensornetwork,ansatz,16,32,10,0,0.0,,,,
ideal-depth,gpu_tensornetwork,ansatz,20,2,10,0,0.0,,,,
ideal-depth,gpu_tensornetwork,ansatz,20,4,10,0,0.0,,,,
ideal-depth,gpu_tensornetwork,ansatz,20,8,10,0,0.0,,,,
ideal-depth,gpu_tensornetwork,ansatz,20,12,10,0,0.0,,,,
ideal-depth,gpu_tensornetwork,ansatz,20,16,10,0,0.0,,,,
ideal-depth,gpu_tensornetwork,ansatz,20,24,10,0,0.0,,,,
ideal-depth,gpu_tensornetwork,ansatz,20,32,10,0,0.0,,,,
ideal-depth,gpu_tensornetwork,ansatz,24,2,10,0,0.0,,,,
ideal-depth,gpu_tensornetwork,ansatz,24,4,10,0,0.0,,,,
ideal-depth,gpu_tensornetwork,ansatz,24,8,10,0,0.0,,,,
ideal-depth,gpu_tensornetwork,ansatz,24,12,10,0,0.0,,,,
ideal-depth,gpu_tensornetwork,ansatz,24,16,10,0,0.0,,,,
ideal-depth,gpu_tensornetwork,ansatz,24,24,10,0,0.0,,,,
ideal-depth,gpu_tensornetwork,ansatz,24,32,10,0,0.0,,,,
ideal-depth,gpu_tensornetwork,ansatz,28,2,10,0,0.0,,,,
ideal-depth,gpu_tensornetwork,ansatz,28,4,10,0,0.0,,,,
ideal-depth,gpu_tensornetwork,ansatz,28,8,10,0,0.0,,,,
ideal-depth,gpu_tensornetwork,ansatz,28,12,10,0,0.0,,,,
ideal-depth,gpu_tensornetwork,ansatz,28,16,10,0,0.0,,,,
ideal-depth,gpu_tensornetwork,ansatz,28,24,10,0,0.0,,,,
ideal-depth,gpu_tensornetwork,ansatz,28,32,10,0,0.0,,,,
ideal-depth,gpu_tensornetwork,random,16,2,10,0,0.0,,,,
ideal-depth,gpu_tensornetwork,random,16,4,10,0,0.0,,,,
ideal-depth,gpu_tensornetwork,random,16,8,10,0,0.0,,,,
ideal-depth,gpu_tensornetwork,random,16,12,10,0,0.0,,,,
ideal-depth,gpu_tensornetwork,random,16,16,10,0,0.0,,,,
ideal-depth,gpu_tensornetwork,random,16,24,10,0,0.0,,,,
ideal-depth,gpu_tensornetwork,random,16,32,10,0,0.0,,,,
ideal-depth,gpu_tensornetwork,random,20,2,10,0,0.0,,,,
ideal-depth,gpu_tensornetwork,random,20,4,10,0,0.0,,,,
ideal-depth,gpu_tensornetwork,random,20,8,10,0,0.0,,,,
ideal-depth,gpu_tensornetwork,random,20,12,10,0,0.0,,,,
ideal-depth,gpu_tensornetwork,random,20,16,10,0,0.0,,,,
ideal-depth,gpu_tensornetwork,random,20,24,10,0,0.0,,,,
ideal-depth,gpu_tensornetwork,random,20,32,10,0,0.0,,,,
ideal-depth,gpu_tensornetwork,random,24,2,10,0,0.0,,,,
ideal-depth,gpu_tensornetwork,random,24,4,10,0,0.0,,,,
ideal-depth,gpu_tensornetwork,random,24,8,10,0,0.0,,,,
ideal-depth,gpu_tensornetwork,random,24,12,10,0,0.0,,,,
ideal-depth,gpu_tensornetwork,random,24,16,10,0,0.0,,,,
ideal-depth,gpu_tensornetwork,random,24,24,10,0,0.0,,,,
ideal-depth,gpu_tensornetwork,random,24,32,10,0,0.0,,,,
ideal-depth,gpu_tensornetwork,random,28,2,10,0,0.0,,,,
ideal-depth,gpu_tensornetwork,random,28,4,10,0,0.0,,,,
ideal-depth,gpu_tensornetwork,random,28,8,10,0,0.0,,,,
ideal-depth,gpu_tensornetwork,random,28,12,10,0,0.0,,,,
ideal-depth,gpu_tensornetwork,random,28,16,10,0,0.0,,,,
ideal-depth,gpu_tensornetwork,random,28,24,10,0,0.0,,,,
ideal-depth,gpu_tensornetwork,random,28,32,10,0,0.0,,,,
ideal-depth,gpu_tensornetwork,trotter,16,2,10,0,0.0,,,,
ideal-depth,gpu_tensornetwork,trotter,16,4,10,0,0.0,,,,
ideal-depth,gpu_tensornetwork,trotter,16,8,10,0,0.0,,,,
ideal-depth,gpu_tensornetwork,trotter,16,12,10,0,0.0,,,,
ideal-depth,gpu_tensornetwork,trotter,16,16,10,0,0.0,,,,
ideal-depth,gpu_tensornetwork,trotter,16,24,10,0,0.0,,,,
ideal-depth,gpu_tensornetwork,trotter,16,32,10,0,0.0,,,,
ideal-depth,gpu_tensornetwork,trotter,20,2,10,0,0.0,,,,
ideal-depth,gpu_tensornetwork,trotter,20,4,10,0,0.0,,,,
ideal-depth,gpu_tensornetwork,trotter,20,8,10,0,0.0,,,,
ideal-depth,gpu_tensornetwork,trotter,20,12,10,0,0.0,,,,
ideal-depth,gpu_tensornetwork,trotter,20,16,10,0,0.0,,,,
ideal-depth,gpu_tensornetwork,trotter,20,24,10,0,0.0,,,,
ideal-depth,gpu_tensornetwork,trotter,20,32,10,0,0.0,,,,
ideal-depth,gpu_tensornetwork,trotter,24,2,10,0,0.0,,,,
ideal-depth,gpu_tensornetwork,trotter,24,4,10,0,0.0,,,,
ideal-depth,gpu_tensornetwork,trotter,24,8,10,0,0.0,,,,
ideal-depth,gpu_tensornetwork,trotter,24,12,10,0,0.0,,,,
ideal-depth,gpu_tensornetwork,trotter,24,16,10,0,0.0,,,,
ideal-depth,gpu_tensornetwork,trotter,24,24,10,0,0.0,,,,
ideal-depth,gpu_tensornetwork,trotter,24,32,10,0,0.0,,,,
ideal-depth,gpu_tensornetwork,trotter,28,2,10,0,0.0,,,,
ideal-depth,gpu_tensornetwork,trotter,28,4,10,0,0.0,,,,
ideal-depth,gpu_tensornetwork,trotter,28,8,10,0,0.0,,,,
ideal-depth,gpu_tensornetwork,trotter,28,12,10,0,0.0,,,,
ideal-depth,gpu_tensornetwork,trotter,28,16,10,0,0.0,,,,
ideal-depth,gpu_tensornetwork,trotter,28,24,10,0,0.0,,,,
ideal-depth,gpu_tensornetwork,trotter,28,32,10,0,0.0,,,,
ideal-depth,gpu_thrust,ansatz,16,2,10,0,0.0,,,,
ideal-depth,gpu_thrust,ansatz,16,4,10,0,0.0,,,,
ideal-depth,gpu_thrust,ansatz,16,8,10,0,0.0,,,,
ideal-depth,gpu_thrust,ansatz,16,12,10,0,0.0,,,,
ideal-depth,gpu_thrust,ansatz,16,16,10,0,0.0,,,,
ideal-depth,gpu_thrust,ansatz,16,24,10,0,0.0,,,,
ideal-depth,gpu_thrust,ansatz,16,32,10,0,0.0,,,,
ideal-depth,gpu_thrust,ansatz,20,2,10,0,0.0,,,,
ideal-depth,gpu_thrust,ansatz,20,4,10,0,0.0,,,,
ideal-depth,gpu_thrust,ansatz,20,8,10,0,0.0,,,,
ideal-depth,gpu_thrust,ansatz,20,12,10,0,0.0,,,,
ideal-depth,gpu_thrust,ansatz,20,16,10,0,0.0,,,,
ideal-depth,gpu_thrust,ansatz,20,24,10,0,0.0,,,,
ideal-depth,gpu_thrust,ansatz,20,32,10,0,0.0,,,,
ideal-depth,gpu_thrust,ansatz,24,2,10,0,0.0,,,,
ideal-depth,gpu_thrust,ansatz,24,4,10,0,0.0,,,,
ideal-depth,gpu_thrust,ansatz,24,8,10,0,0.0,,,,
ideal-depth,gpu_thrust,ansatz,24,12,10,0,0.0,,,,
ideal-depth,gpu_thrust,ansatz,24,16,10,0,0.0,,,,
ideal-depth,gpu_thrust,ansatz,24,24,10,0,0.0,,,,
ideal-depth,gpu_thrust,ansatz,24,32,10,0,0.0,,,,
ideal-depth,gpu_thrust,ansatz,28,2,10,0,0.0,,,,
ideal-depth,gpu_thrust,ansatz,28,4,10,0,0.0,,,,
ideal-depth,gpu_thrust,ansatz,28,8,10,0,0.0,,,,
ideal-depth,gpu_thrust,ansatz,28,12,10,0,0.0,,,,
ideal-depth,gpu_thrust,ansatz,28,16,10,0,0.0,,,,
ideal-depth,gpu_thrust,ansatz,28,24,10,0,0.0,,,,
ideal-depth,gpu_thrust,ansatz,28,32,10,0,0.0,,,,
ideal-depth,gpu_thrust,random,16,2,10,0,0.0,,,,
ideal-depth,gpu_thrust,random,16,4,10,0,0.0,,,,
ideal-depth,gpu_thrust,random,16,8,10,0,0.0,,,,
ideal-depth,gpu_thrust,random,16,12,10,0,0.0,,,,
ideal-depth,gpu_thrust,random,16,16,10,0,0.0,,,,
ideal-depth,gpu_thrust,random,16,24,10,0,0.0,,,,
ideal-depth,gpu_thrust,random,16,32,10,0,0.0,,,,
ideal-depth,gpu_thrust,random,20,2,10,0,0.0,,,,
ideal-depth,gpu_thrust,random,20,4,10,0,0.0,,,,
ideal-depth,gpu_thrust,random,20,8,10,0,0.0,,,,
ideal-depth,gpu_thrust,random,20,12,10,0,0.0,,,,
ideal-depth,gpu_thrust,random,20,16,10,0,0.0,,,,
ideal-depth,gpu_thrust,random,20,24,10,0,0.0,,,,
ideal-depth,gpu_thrust,random,20,32,10,0,0.0,,,,
ideal-depth,gpu_thrust,random,24,2,10,0,0.0,,,,
ideal-depth,gpu_thrust,random,24,4,10,0,0.0,,,,
ideal-depth,gpu_thrust,random,24,8,10,0,0.0,,,,
ideal-depth,gpu_thrust,random,24,12,10,0,0.0,,,,
ideal-depth,gpu_thrust,random,24,16,10,0,0.0,,,,
ideal-depth,gpu_thrust,random,24,24,10,0,0.0,,,,
ideal-depth,gpu_thrust,random,24,32,10,0,0.0,,,,
ideal-depth,gpu_thrust,random,28,2,10,0,0.0,,,,
ideal-depth,gpu_thrust,random,28,4,10,0,0.0,,,,
ideal-depth,gpu_thrust,random,28,8,10,0,0.0,,,,
ideal-depth,gpu_thrust,random,28,12,10,0,0.0,,,,
ideal-depth,gpu_thrust,random,28,16,10,0,0.0,,,,
ideal-depth,gpu_thrust,random,28,24,10,0,0.0,,,,
ideal-depth,gpu_thrust,random,28,32,10,0,0.0,,,,
ideal-depth,gpu_thrust,trotter,16,2,10,0,0.0,,,,
ideal-depth,gpu_thrust,trotter,16,4,10,0,0.0,,,,
ideal-depth,gpu_thrust,trotter,16,8,10,0,0.0,,,,
ideal-depth,gpu_thrust,trotter,16,12,10,0,0.0,,,,
ideal-depth,gpu_thrust,trotter,16,16,10,0,0.0,,,,
ideal-depth,gpu_thrust,trotter,16,24,10,0,0.0,,,,
ideal-depth,gpu_thrust,trotter,16,32,10,0,0.0,,,,
ideal-depth,gpu_thrust,trotter,20,2,10,0,0.0,,,,
ideal-depth,gpu_thrust,trotter,20,4,10,0,0.0,,,,
ideal-depth,gpu_thrust,trotter,20,8,10,0,0.0,,,,
ideal-depth,gpu_thrust,trotter,20,12,10,0,0.0,,,,
ideal-depth,gpu_thrust,trotter,20,16,10,0,0.0,,,,
ideal-depth,gpu_thrust,trotter,20,24,10,0,0.0,,,,
ideal-depth,gpu_thrust,trotter,20,32,10,0,0.0,,,,
ideal-depth,gpu_thrust,trotter,24,2,10,0,0.0,,,,
ideal-depth,gpu_thrust,trotter,24,4,10,0,0.0,,,,
ideal-depth,gpu_thrust,trotter,24,8,10,0,0.0,,,,
ideal-depth,gpu_thrust,trotter,24,12,10,0,0.0,,,,
ideal-depth,gpu_thrust,trotter,24,16,10,0,0.0,,,,
ideal-depth,gpu_thrust,trotter,24,24,10,0,0.0,,,,
ideal-depth,gpu_thrust,trotter,24,32,10,0,0.0,,,,
ideal-depth,gpu_thrust,trotter,28,2,10,0,0.0,,,,
ideal-depth,gpu_thrust,trotter,28,4,10,0,0.0,,,,
ideal-depth,gpu_thrust,trotter,28,8,10,0,0.0,,,,
ideal-depth,gpu_thrust,trotter,28,12,10,0,0.0,,,,
ideal-depth,gpu_thrust,trotter,28,16,10,0,0.0,,,,
ideal-depth,gpu_thrust,trotter,28,24,10,0,0.0,,,,
ideal-depth,gpu_thrust,trotter,28,32,10,0,0.0,,,,
noisy-depth,cpu_statevector,ansatz,12,2,10,10,100.0,0.047374,0.009539,0.3459,0.2806
noisy-depth,cpu_statevector,ansatz,12,4,10,10,100.0,0.084384,0.012558,0.4946,0.4248
noisy-depth,cpu_statevector,ansatz,12,8,10,10,100.0,0.10079,0.011832,0.7961,0.7285
noisy-depth,cpu_statevector,ansatz,12,12,10,10,100.0,0.100589,0.011575,1.0985,1.0265
noisy-depth,cpu_statevector,ansatz,12,16,10,10,100.0,0.096314,0.011182,1.4044,1.3302
noisy-depth,cpu_statevector,ansatz,12,24,10,10,100.0,0.102726,0.012267,2.0146,1.9366
noisy-depth,cpu_statevector,ansatz,16,2,10,10,100.0,,,5.2459,5.1793
noisy-depth,cpu_statevector,ansatz,16,4,10,10,100.0,,,7.5014,7.4332
noisy-depth,cpu_statevector,ansatz,16,8,10,10,100.0,,,12.5484,12.4794
noisy-depth,cpu_statevector,ansatz,16,12,10,10,100.0,,,17.7641,17.691
noisy-depth,cpu_statevector,ansatz,16,16,10,10,100.0,,,22.6247,22.5495
noisy-depth,cpu_statevector,ansatz,16,24,10,10,100.0,,,32.8936,32.8163
noisy-depth,cpu_statevector,ansatz,20,2,10,10,100.0,,,131.8802,131.8122
noisy-depth,cpu_statevector,ansatz,20,4,10,10,100.0,,,185.6856,185.6166
noisy-depth,cpu_statevector,ansatz,20,8,10,10,100.0,,,293.5784,293.5051
noisy-depth,cpu_statevector,ansatz,20,12,10,10,100.0,,,401.2839,401.2077
noisy-depth,cpu_statevector,ansatz,20,16,10,10,100.0,,,507.8556,507.777
noisy-depth,cpu_statevector,ansatz,20,24,10,0,0.0,,,,
noisy-depth,cpu_statevector,ansatz,24,2,10,0,0.0,,,,
noisy-depth,cpu_statevector,ansatz,24,4,10,0,0.0,,,,
noisy-depth,cpu_statevector,ansatz,24,8,10,0,0.0,,,,
noisy-depth,cpu_statevector,ansatz,24,12,10,0,0.0,,,,
noisy-depth,cpu_statevector,ansatz,24,16,10,0,0.0,,,,
noisy-depth,cpu_statevector,ansatz,24,24,10,0,0.0,,,,
noisy-depth,cpu_statevector,ghz,12,2,5,5,100.0,0.023193,0.011311,0.2007,0.1357
noisy-depth,cpu_statevector,ghz,12,4,5,5,100.0,0.021973,0.011112,0.2015,0.138
noisy-depth,cpu_statevector,ghz,12,8,5,5,100.0,0.020508,0.010333,0.2002,0.1355
noisy-depth,cpu_statevector,ghz,12,12,5,5,100.0,0.023682,0.011195,0.2031,0.14
noisy-depth,cpu_statevector,ghz,12,16,5,5,100.0,0.021973,0.011135,0.186,0.1233
noisy-depth,cpu_statevector,ghz,12,24,5,5,100.0,0.020996,0.010627,0.1919,0.129
noisy-depth,cpu_statevector,ghz,16,2,5,5,100.0,,,3.7262,3.6588
noisy-depth,cpu_statevector,ghz,16,4,5,5,100.0,,,3.8169,3.7465
noisy-depth,cpu_statevector,ghz,16,8,5,5,100.0,,,3.6317,3.5664
noisy-depth,cpu_statevector,ghz,16,12,5,5,100.0,,,3.591,3.5281
noisy-depth,cpu_statevector,ghz,16,16,5,5,100.0,,,3.6178,3.5538
noisy-depth,cpu_statevector,ghz,16,24,5,5,100.0,,,3.5198,3.4512
noisy-depth,cpu_statevector,ghz,20,2,5,5,100.0,,,84.3933,84.3314
noisy-depth,cpu_statevector,ghz,20,4,5,5,100.0,,,85.06,84.9962
noisy-depth,cpu_statevector,ghz,20,8,5,5,100.0,,,83.8293,83.7646
noisy-depth,cpu_statevector,ghz,20,12,5,5,100.0,,,85.3297,85.2639
noisy-depth,cpu_statevector,ghz,20,16,5,5,100.0,,,85.0314,84.9675
noisy-depth,cpu_statevector,ghz,20,24,5,5,100.0,,,87.1488,87.0823
noisy-depth,cpu_statevector,ghz,24,2,5,0,0.0,,,,
noisy-depth,cpu_statevector,ghz,24,4,5,0,0.0,,,,
noisy-depth,cpu_statevector,ghz,24,8,5,0,0.0,,,,
noisy-depth,cpu_statevector,ghz,24,12,5,0,0.0,,,,
noisy-depth,cpu_statevector,ghz,24,16,5,0,0.0,,,,
noisy-depth,cpu_statevector,ghz,24,24,5,0,0.0,,,,
noisy-depth,cpu_statevector,trotter,12,2,10,10,100.0,0.067143,0.013275,0.4517,0.3831
noisy-depth,cpu_statevector,trotter,12,4,10,10,100.0,0.061127,0.011681,0.5559,0.4895
noisy-depth,cpu_statevector,trotter,12,8,10,10,100.0,0.081705,0.013824,0.9259,0.8565
noisy-depth,cpu_statevector,trotter,12,12,10,10,100.0,0.094836,0.016453,1.3,1.23
noisy-depth,cpu_statevector,trotter,12,16,10,10,100.0,0.108975,0.01857,1.6685,1.5963
noisy-depth,cpu_statevector,trotter,12,24,10,10,100.0,0.137319,0.026115,2.4154,2.3399
noisy-depth,cpu_statevector,trotter,16,2,10,10,100.0,,,4.9458,4.8767
noisy-depth,cpu_statevector,trotter,16,4,10,10,100.0,,,7.2388,7.1686
noisy-depth,cpu_statevector,trotter,16,8,10,10,100.0,,,11.9772,11.9071
noisy-depth,cpu_statevector,trotter,16,12,10,10,100.0,,,16.9207,16.8476
noisy-depth,cpu_statevector,trotter,16,16,10,10,100.0,,,21.7983,21.7242
noisy-depth,cpu_statevector,trotter,16,24,10,10,100.0,,,31.6578,31.5812
noisy-depth,cpu_statevector,trotter,20,2,10,10,100.0,,,110.9785,110.9093
noisy-depth,cpu_statevector,trotter,20,4,10,10,100.0,,,167.2918,167.2213
noisy-depth,cpu_statevector,trotter,20,8,10,10,100.0,,,272.2065,272.1348
noisy-depth,cpu_statevector,trotter,20,12,10,10,100.0,,,378.7135,378.6383
noisy-depth,cpu_statevector,trotter,20,16,10,10,100.0,,,485.5118,485.4342
noisy-depth,cpu_statevector,trotter,20,24,10,0,0.0,,,,
noisy-depth,cpu_statevector,trotter,24,2,10,0,0.0,,,,
noisy-depth,cpu_statevector,trotter,24,4,10,0,0.0,,,,
noisy-depth,cpu_statevector,trotter,24,8,10,0,0.0,,,,
noisy-depth,cpu_statevector,trotter,24,12,10,0,0.0,,,,
noisy-depth,cpu_statevector,trotter,24,16,10,0,0.0,,,,
noisy-depth,cpu_statevector,trotter,24,24,10,0,0.0,,,,
noisy-depth,gpu_custatevec,ansatz,12,2,10,0,0.0,,,,
noisy-depth,gpu_custatevec,ansatz,12,4,10,0,0.0,,,,
noisy-depth,gpu_custatevec,ansatz,12,8,10,0,0.0,,,,
noisy-depth,gpu_custatevec,ansatz,12,12,10,0,0.0,,,,
noisy-depth,gpu_custatevec,ansatz,12,16,10,0,0.0,,,,
noisy-depth,gpu_custatevec,ansatz,12,24,10,0,0.0,,,,
noisy-depth,gpu_custatevec,ansatz,16,2,10,0,0.0,,,,
noisy-depth,gpu_custatevec,ansatz,16,4,10,0,0.0,,,,
noisy-depth,gpu_custatevec,ansatz,16,8,10,0,0.0,,,,
noisy-depth,gpu_custatevec,ansatz,16,12,10,0,0.0,,,,
noisy-depth,gpu_custatevec,ansatz,16,16,10,0,0.0,,,,
noisy-depth,gpu_custatevec,ansatz,16,24,10,0,0.0,,,,
noisy-depth,gpu_custatevec,ansatz,20,2,10,0,0.0,,,,
noisy-depth,gpu_custatevec,ansatz,20,4,10,0,0.0,,,,
noisy-depth,gpu_custatevec,ansatz,20,8,10,0,0.0,,,,
noisy-depth,gpu_custatevec,ansatz,20,12,10,0,0.0,,,,
noisy-depth,gpu_custatevec,ansatz,20,16,10,0,0.0,,,,
noisy-depth,gpu_custatevec,ansatz,20,24,10,0,0.0,,,,
noisy-depth,gpu_custatevec,ansatz,24,2,10,0,0.0,,,,
noisy-depth,gpu_custatevec,ansatz,24,4,10,0,0.0,,,,
noisy-depth,gpu_custatevec,ansatz,24,8,10,0,0.0,,,,
noisy-depth,gpu_custatevec,ansatz,24,12,10,0,0.0,,,,
noisy-depth,gpu_custatevec,ansatz,24,16,10,0,0.0,,,,
noisy-depth,gpu_custatevec,ansatz,24,24,10,0,0.0,,,,
noisy-depth,gpu_custatevec,ghz,12,2,5,0,0.0,,,,
noisy-depth,gpu_custatevec,ghz,12,4,5,0,0.0,,,,
noisy-depth,gpu_custatevec,ghz,12,8,5,0,0.0,,,,
noisy-depth,gpu_custatevec,ghz,12,12,5,0,0.0,,,,
noisy-depth,gpu_custatevec,ghz,12,16,5,0,0.0,,,,
noisy-depth,gpu_custatevec,ghz,12,24,5,0,0.0,,,,
noisy-depth,gpu_custatevec,ghz,16,2,5,0,0.0,,,,
noisy-depth,gpu_custatevec,ghz,16,4,5,0,0.0,,,,
noisy-depth,gpu_custatevec,ghz,16,8,5,0,0.0,,,,
noisy-depth,gpu_custatevec,ghz,16,12,5,0,0.0,,,,
noisy-depth,gpu_custatevec,ghz,16,16,5,0,0.0,,,,
noisy-depth,gpu_custatevec,ghz,16,24,5,0,0.0,,,,
noisy-depth,gpu_custatevec,ghz,20,2,5,0,0.0,,,,
noisy-depth,gpu_custatevec,ghz,20,4,5,0,0.0,,,,
noisy-depth,gpu_custatevec,ghz,20,8,5,0,0.0,,,,
noisy-depth,gpu_custatevec,ghz,20,12,5,0,0.0,,,,
noisy-depth,gpu_custatevec,ghz,20,16,5,0,0.0,,,,
noisy-depth,gpu_custatevec,ghz,20,24,5,0,0.0,,,,
noisy-depth,gpu_custatevec,ghz,24,2,5,0,0.0,,,,
noisy-depth,gpu_custatevec,ghz,24,4,5,0,0.0,,,,
noisy-depth,gpu_custatevec,ghz,24,8,5,0,0.0,,,,
noisy-depth,gpu_custatevec,ghz,24,12,5,0,0.0,,,,
noisy-depth,gpu_custatevec,ghz,24,16,5,0,0.0,,,,
noisy-depth,gpu_custatevec,ghz,24,24,5,0,0.0,,,,
noisy-depth,gpu_custatevec,trotter,12,2,10,0,0.0,,,,
noisy-depth,gpu_custatevec,trotter,12,4,10,0,0.0,,,,
noisy-depth,gpu_custatevec,trotter,12,8,10,0,0.0,,,,
noisy-depth,gpu_custatevec,trotter,12,12,10,0,0.0,,,,
noisy-depth,gpu_custatevec,trotter,12,16,10,0,0.0,,,,
noisy-depth,gpu_custatevec,trotter,12,24,10,0,0.0,,,,
noisy-depth,gpu_custatevec,trotter,16,2,10,0,0.0,,,,
noisy-depth,gpu_custatevec,trotter,16,4,10,0,0.0,,,,
noisy-depth,gpu_custatevec,trotter,16,8,10,0,0.0,,,,
noisy-depth,gpu_custatevec,trotter,16,12,10,0,0.0,,,,
noisy-depth,gpu_custatevec,trotter,16,16,10,0,0.0,,,,
noisy-depth,gpu_custatevec,trotter,16,24,10,0,0.0,,,,
noisy-depth,gpu_custatevec,trotter,20,2,10,0,0.0,,,,
noisy-depth,gpu_custatevec,trotter,20,4,10,0,0.0,,,,
noisy-depth,gpu_custatevec,trotter,20,8,10,0,0.0,,,,
noisy-depth,gpu_custatevec,trotter,20,12,10,0,0.0,,,,
noisy-depth,gpu_custatevec,trotter,20,16,10,0,0.0,,,,
noisy-depth,gpu_custatevec,trotter,20,24,10,0,0.0,,,,
noisy-depth,gpu_custatevec,trotter,24,2,10,0,0.0,,,,
noisy-depth,gpu_custatevec,trotter,24,4,10,0,0.0,,,,
noisy-depth,gpu_custatevec,trotter,24,8,10,0,0.0,,,,
noisy-depth,gpu_custatevec,trotter,24,12,10,0,0.0,,,,
noisy-depth,gpu_custatevec,trotter,24,16,10,0,0.0,,,,
noisy-depth,gpu_custatevec,trotter,24,24,10,0,0.0,,,,
noisy-depth,gpu_tensornetwork,ansatz,12,2,10,2,20.0,0.04189,0.00837,32.9637,32.9138
noisy-depth,gpu_tensornetwork,ansatz,12,4,10,0,0.0,,,,
noisy-depth,gpu_tensornetwork,ansatz,12,8,10,1,10.0,0.092599,0.009981,289.4794,289.4141
noisy-depth,gpu_tensornetwork,ansatz,12,12,10,0,0.0,,,,
noisy-depth,gpu_tensornetwork,ansatz,12,16,10,0,0.0,,,,
noisy-depth,gpu_tensornetwork,ansatz,12,24,10,0,0.0,,,,
noisy-depth,gpu_tensornetwork,ansatz,16,2,10,0,0.0,,,,
noisy-depth,gpu_tensornetwork,ansatz,16,4,10,1,10.0,,,216.6186,216.5497
noisy-depth,gpu_tensornetwork,ansatz,16,8,10,0,0.0,,,,
noisy-depth,gpu_tensornetwork,ansatz,16,12,10,0,0.0,,,,
noisy-depth,gpu_tensornetwork,ansatz,16,16,10,0,0.0,,,,
noisy-depth,gpu_tensornetwork,ansatz,16,24,10,0,0.0,,,,
noisy-depth,gpu_tensornetwork,ansatz,20,2,10,0,0.0,,,,
noisy-depth,gpu_tensornetwork,ansatz,20,4,10,0,0.0,,,,
noisy-depth,gpu_tensornetwork,ansatz,20,8,10,0,0.0,,,,
noisy-depth,gpu_tensornetwork,ansatz,20,12,10,0,0.0,,,,
noisy-depth,gpu_tensornetwork,ansatz,20,16,10,0,0.0,,,,
noisy-depth,gpu_tensornetwork,ansatz,20,24,10,0,0.0,,,,
noisy-depth,gpu_tensornetwork,ansatz,24,2,10,0,0.0,,,,
noisy-depth,gpu_tensornetwork,ansatz,24,4,10,0,0.0,,,,
noisy-depth,gpu_tensornetwork,ansatz,24,8,10,0,0.0,,,,
noisy-depth,gpu_tensornetwork,ansatz,24,12,10,0,0.0,,,,
noisy-depth,gpu_tensornetwork,ansatz,24,16,10,0,0.0,,,,
noisy-depth,gpu_tensornetwork,ansatz,24,24,10,0,0.0,,,,
noisy-depth,gpu_tensornetwork,ghz,12,2,5,0,0.0,,,,
noisy-depth,gpu_tensornetwork,ghz,12,4,5,0,0.0,,,,
noisy-depth,gpu_tensornetwork,ghz,12,8,5,0,0.0,,,,
noisy-depth,gpu_tensornetwork,ghz,12,12,5,1,20.0,0.02002,0.010097,6.9167,6.8511
noisy-depth,gpu_tensornetwork,ghz,12,16,5,1,20.0,0.024902,0.012584,17.7955,17.7273
noisy-depth,gpu_tensornetwork,ghz,12,24,5,0,0.0,,,,
noisy-depth,gpu_tensornetwork,ghz,16,2,5,0,0.0,,,,
noisy-depth,gpu_tensornetwork,ghz,16,4,5,0,0.0,,,,
noisy-depth,gpu_tensornetwork,ghz,16,8,5,0,0.0,,,,
noisy-depth,gpu_tensornetwork,ghz,16,12,5,0,0.0,,,,
noisy-depth,gpu_tensornetwork,ghz,16,16,5,0,0.0,,,,
noisy-depth,gpu_tensornetwork,ghz,16,24,5,0,0.0,,,,
noisy-depth,gpu_tensornetwork,ghz,20,2,5,0,0.0,,,,
noisy-depth,gpu_tensornetwork,ghz,20,4,5,0,0.0,,,,
noisy-depth,gpu_tensornetwork,ghz,20,8,5,0,0.0,,,,
noisy-depth,gpu_tensornetwork,ghz,20,12,5,0,0.0,,,,
noisy-depth,gpu_tensornetwork,ghz,20,16,5,0,0.0,,,,
noisy-depth,gpu_tensornetwork,ghz,20,24,5,0,0.0,,,,
noisy-depth,gpu_tensornetwork,ghz,24,2,5,1,20.0,,,146.8857,146.8231
noisy-depth,gpu_tensornetwork,ghz,24,4,5,0,0.0,,,,
noisy-depth,gpu_tensornetwork,ghz,24,8,5,0,0.0,,,,
noisy-depth,gpu_tensornetwork,ghz,24,12,5,0,0.0,,,,
noisy-depth,gpu_tensornetwork,ghz,24,16,5,0,0.0,,,,
noisy-depth,gpu_tensornetwork,ghz,24,24,5,0,0.0,,,,
noisy-depth,gpu_tensornetwork,trotter,12,2,10,0,0.0,,,,
noisy-depth,gpu_tensornetwork,trotter,12,4,10,0,0.0,,,,
noisy-depth,gpu_tensornetwork,trotter,12,8,10,0,0.0,,,,
noisy-depth,gpu_tensornetwork,trotter,12,12,10,0,0.0,,,,
noisy-depth,gpu_tensornetwork,trotter,12,16,10,2,20.0,0.104842,0.017891,92.8105,92.7374
noisy-depth,gpu_tensornetwork,trotter,12,24,10,0,0.0,,,,
noisy-depth,gpu_tensornetwork,trotter,16,2,10,0,0.0,,,,
noisy-depth,gpu_tensornetwork,trotter,16,4,10,0,0.0,,,,
noisy-depth,gpu_tensornetwork,trotter,16,8,10,0,0.0,,,,
noisy-depth,gpu_tensornetwork,trotter,16,12,10,0,0.0,,,,
noisy-depth,gpu_tensornetwork,trotter,16,16,10,0,0.0,,,,
noisy-depth,gpu_tensornetwork,trotter,16,24,10,0,0.0,,,,
noisy-depth,gpu_tensornetwork,trotter,20,2,10,5,50.0,,,32.6615,32.5901
noisy-depth,gpu_tensornetwork,trotter,20,4,10,0,0.0,,,,
noisy-depth,gpu_tensornetwork,trotter,20,8,10,0,0.0,,,,
noisy-depth,gpu_tensornetwork,trotter,20,12,10,0,0.0,,,,
noisy-depth,gpu_tensornetwork,trotter,20,16,10,0,0.0,,,,
noisy-depth,gpu_tensornetwork,trotter,20,24,10,0,0.0,,,,
noisy-depth,gpu_tensornetwork,trotter,24,2,10,1,10.0,,,649.6772,649.6036
noisy-depth,gpu_tensornetwork,trotter,24,4,10,2,20.0,,,252.257,252.1841
noisy-depth,gpu_tensornetwork,trotter,24,8,10,0,0.0,,,,
noisy-depth,gpu_tensornetwork,trotter,24,12,10,0,0.0,,,,
noisy-depth,gpu_tensornetwork,trotter,24,16,10,0,0.0,,,,
noisy-depth,gpu_tensornetwork,trotter,24,24,10,0,0.0,,,,
noisy-depth,gpu_thrust,ansatz,12,2,10,10,100.0,0.04571,0.009797,11.9467,11.88
noisy-depth,gpu_thrust,ansatz,12,4,10,10,100.0,0.082969,0.012366,17.9006,17.8323
noisy-depth,gpu_thrust,ansatz,12,8,10,10,100.0,0.097207,0.010833,27.5706,27.5018
noisy-depth,gpu_thrust,ansatz,12,12,10,10,100.0,0.095918,0.01068,28.819,28.7466
noisy-depth,gpu_thrust,ansatz,12,16,10,10,100.0,0.100247,0.01181,35.4808,35.4057
noisy-depth,gpu_thrust,ansatz,12,24,10,10,100.0,0.103381,0.012166,45.8906,45.8201
noisy-depth,gpu_thrust,ansatz,16,2,10,10,100.0,,,10.6011,10.5349
noisy-depth,gpu_thrust,ansatz,16,4,10,10,100.0,,,14.7609,14.6896
noisy-depth,gpu_thrust,ansatz,16,8,10,10,100.0,,,22.4298,22.3582
noisy-depth,gpu_thrust,ansatz,16,12,10,10,100.0,,,29.6645,29.5898
noisy-depth,gpu_thrust,ansatz,16,16,10,10,100.0,,,35.8267,35.7498
noisy-depth,gpu_thrust,ansatz,16,24,10,10,100.0,,,50.0887,50.0111
noisy-depth,gpu_thrust,ansatz,20,2,10,10,100.0,,,85.8013,85.7339
noisy-depth,gpu_thrust,ansatz,20,4,10,10,100.0,,,144.3634,144.2923
noisy-depth,gpu_thrust,ansatz,20,8,10,10,100.0,,,260.7494,260.6762
noisy-depth,gpu_thrust,ansatz,20,12,10,5,50.0,,,376.8838,376.8088
noisy-depth,gpu_thrust,ansatz,20,16,10,0,0.0,,,,
noisy-depth,gpu_thrust,ansatz,20,24,10,0,0.0,,,,
noisy-depth,gpu_thrust,ansatz,24,2,10,0,0.0,,,,
noisy-depth,gpu_thrust,ansatz,24,4,10,0,0.0,,,,
noisy-depth,gpu_thrust,ansatz,24,8,10,0,0.0,,,,
noisy-depth,gpu_thrust,ansatz,24,12,10,0,0.0,,,,
noisy-depth,gpu_thrust,ansatz,24,16,10,0,0.0,,,,
noisy-depth,gpu_thrust,ansatz,24,24,10,0,0.0,,,,
noisy-depth,gpu_thrust,ghz,12,2,5,5,100.0,0.020264,0.009725,6.5981,6.5328
noisy-depth,gpu_thrust,ghz,12,4,5,5,100.0,0.022461,0.011224,6.5492,6.485
noisy-depth,gpu_thrust,ghz,12,8,5,5,100.0,0.023193,0.010713,6.5178,6.4568
noisy-depth,gpu_thrust,ghz,12,12,5,5,100.0,0.020996,0.01063,6.5376,6.4712
noisy-depth,gpu_thrust,ghz,12,16,5,5,100.0,0.022461,0.011327,6.3847,6.3208
noisy-depth,gpu_thrust,ghz,12,24,5,5,100.0,0.023193,0.010849,6.674,6.6089
noisy-depth,gpu_thrust,ghz,16,2,5,5,100.0,,,8.3278,8.2634
noisy-depth,gpu_thrust,ghz,16,4,5,5,100.0,,,8.1595,8.0965
noisy-depth,gpu_thrust,ghz,16,8,5,5,100.0,,,8.1299,8.0642
noisy-depth,gpu_thrust,ghz,16,12,5,5,100.0,,,8.0766,8.0078
noisy-depth,gpu_thrust,ghz,16,16,5,5,100.0,,,8.1273,8.0619
noisy-depth,gpu_thrust,ghz,16,24,5,5,100.0,,,8.183,8.1165
noisy-depth,gpu_thrust,ghz,20,2,5,5,100.0,,,54.4722,54.4064
noisy-depth,gpu_thrust,ghz,20,4,5,5,100.0,,,54.8653,54.7982
noisy-depth,gpu_thrust,ghz,20,8,5,5,100.0,,,54.6719,54.606
noisy-depth,gpu_thrust,ghz,20,12,5,5,100.0,,,54.7671,54.7005
noisy-depth,gpu_thrust,ghz,20,16,5,5,100.0,,,54.8472,54.7818
noisy-depth,gpu_thrust,ghz,20,24,5,5,100.0,,,54.318,54.2544
noisy-depth,gpu_thrust,ghz,24,2,5,0,0.0,,,,
noisy-depth,gpu_thrust,ghz,24,4,5,0,0.0,,,,
noisy-depth,gpu_thrust,ghz,24,8,5,0,0.0,,,,
noisy-depth,gpu_thrust,ghz,24,12,5,0,0.0,,,,
noisy-depth,gpu_thrust,ghz,24,16,5,0,0.0,,,,
noisy-depth,gpu_thrust,ghz,24,24,5,0,0.0,,,,
noisy-depth,gpu_thrust,trotter,12,2,10,10,100.0,0.065745,0.012455,12.7884,12.72
noisy-depth,gpu_thrust,trotter,12,4,10,10,100.0,0.066051,0.012048,19.3431,19.2741
noisy-depth,gpu_thrust,trotter,12,8,10,10,100.0,0.076422,0.013526,30.577,30.5072
noisy-depth,gpu_thrust,trotter,12,12,10,10,100.0,0.092702,0.015896,47.1652,47.0927
noisy-depth,gpu_thrust,trotter,12,16,10,10,100.0,0.105392,0.0186,58.8167,58.7457
noisy-depth,gpu_thrust,trotter,12,24,10,10,100.0,0.140408,0.027366,82.3192,82.2443
noisy-depth,gpu_thrust,trotter,16,2,10,10,100.0,,,12.4084,12.3407
noisy-depth,gpu_thrust,trotter,16,4,10,10,100.0,,,18.9449,18.8754
noisy-depth,gpu_thrust,trotter,16,8,10,10,100.0,,,31.7076,31.6356
noisy-depth,gpu_thrust,trotter,16,12,10,10,100.0,,,43.7113,43.6374
noisy-depth,gpu_thrust,trotter,16,16,10,10,100.0,,,56.0059,55.9351
noisy-depth,gpu_thrust,trotter,16,24,10,10,100.0,,,77.5064,77.4284
noisy-depth,gpu_thrust,trotter,20,2,10,10,100.0,,,127.7001,127.6293
noisy-depth,gpu_thrust,trotter,20,4,10,10,100.0,,,139.2272,139.1555
noisy-depth,gpu_thrust,trotter,20,8,10,10,100.0,,,237.5852,237.5137
noisy-depth,gpu_thrust,trotter,20,12,10,10,100.0,,,345.1549,345.0764
noisy-depth,gpu_thrust,trotter,20,16,10,10,100.0,,,453.854,453.7757
noisy-depth,gpu_thrust,trotter,20,24,10,0,0.0,,,,
noisy-depth,gpu_thrust,trotter,24,2,10,0,0.0,,,,
noisy-depth,gpu_thrust,trotter,24,4,10,0,0.0,,,,
noisy-depth,gpu_thrust,trotter,24,8,10,0,0.0,,,,
noisy-depth,gpu_thrust,trotter,24,12,10,0,0.0,,,,
noisy-depth,gpu_thrust,trotter,24,16,10,0,0.0,,,,
noisy-depth,gpu_thrust,trotter,24,24,10,0,0.0,,,,
